{"metrics":{"http_req_blocked":{"type":"trend","contains":"time","values":{"min":0,"med":0,"max":851.5543,"p(90)":769.89281,"p(95)":816.7343899999998,"avg":108.27596666666666}},"iteration_duration":{"type":"trend","contains":"time","values":{"med":2489.6686,"max":3300.6753,"p(90)":3289.7239,"p(95)":3295.1996,"avg":2541.0248636363635,"min":0}},"iterations":{"type":"counter","contains":"default","values":{"count":10,"rate":0.9257934431697761}},"http_req_duration{expected_response:true}":{"contains":"time","values":{"med":483.32055,"max":524.6652,"p(90)":503.32002,"p(95)":511.23765000000003,"avg":487.05947000000003,"min":471.3248},"type":"trend"},"NumberOfAnimalsCreated":{"type":"counter","contains":"default","values":{"count":10,"rate":0.9257934431697761}},"vus":{"type":"gauge","contains":"default","values":{"value":4,"min":1,"max":4}},"http_req_connecting":{"type":"trend","contains":"time","values":{"min":0,"med":0,"max":281.4612,"p(90)":255.69201,"p(95)":260.05285999999995,"avg":35.22101}},"checks":{"type":"rate","contains":"default","values":{"rate":1,"passes":30,"fails":0}},"vus_max":{"type":"gauge","contains":"default","values":{"value":5,"min":5,"max":5}},"http_req_duration{my_tag:Create}":{"type":"trend","contains":"time","values":{"med":484.31425,"max":524.6652,"p(90)":513.19884,"p(95)":518.93202,"avg":489.80177999999995,"min":478.236},"thresholds":{"avg<600":{"ok":true},"p(90)<700":{"ok":true}}},"data_sent":{"contains":"data","values":{"count":8420,"rate":779.5180791489514},"type":"counter"},"http_req_receiving":{"type":"trend","contains":"time","values":{"avg":0.12058333333333333,"min":0,"med":0,"max":1.059,"p(90)":0.5408100000000007,"p(95)":0.9509299999999999}},"http_req_waiting":{"contains":"time","values":{"max":523.705,"p(90)":503.32002,"p(95)":511.23765000000003,"avg":486.92122000000006,"min":471.3248,"med":483.2191},"type":"trend"},"http_req_duration":{"type":"trend","contains":"time","values":{"avg":487.05947000000003,"min":471.3248,"med":483.32055,"max":524.6652,"p(90)":503.32002,"p(95)":511.23765000000003},"thresholds":{"avg<500":{"ok":true},"p(95)<1500":{"ok":true}}},"http_req_sending":{"type":"trend","contains":"time","values":{"avg":0.017666666666666667,"min":0,"med":0,"max":0.4789,"p(90)":0,"p(95)":0.028104999999999856}},"group_duration":{"type":"trend","contains":"time","values":{"p(90)":1245.17489,"p(95)":1311.5501,"avg":595.8789949999998,"min":476.6255,"med":485.54675,"max":1335.644}},"http_req_tls_handshaking":{"values":{"max":551.8066,"p(90)":513.78013,"p(95)":543.88834,"avg":71.64456666666666,"min":0,"med":0},"type":"trend","contains":"time"},"data_received":{"contains":"data","values":{"count":55639,"rate":5151.022138452317},"type":"counter"},"http_req_duration{my_tag:Get}":{"values":{"p(95)":504.02553,"avg":485.31817,"min":471.3248,"med":482.99555,"max":510.3978,"p(90)":497.65326},"thresholds":{"avg<600":{"ok":true},"p(90)<700":{"ok":true}},"type":"trend","contains":"time"},"http_reqs":{"type":"counter","contains":"default","values":{"count":30,"rate":2.7773803295093282}},"http_req_failed":{"contains":"default","values":{"rate":0,"passes":0,"fails":30},"type":"rate"},"NumberOfAnimalsDeleted":{"contains":"default","values":{"count":10,"rate":0.9257934431697761},"type":"counter"}},"root_group":{"id":"d41d8cd98f00b204e9800998ecf8427e","groups":[{"name":"setup","path":"::setup","id":"5c0f8025f7e0b6654089e5b00e950f1a","groups":[],"checks":[]},{"name":"Get Animals","path":"::Get Animals","id":"3a5ef55d1898cb5fb105d422c8b24b07","groups":[{"name":"Get Animal","path":"::Get Animals::Get Animal","id":"b61b7690cd284016b69cd1a47475a66f","groups":[],"checks":[{"name":"Animal return successfully","path":"::Get Animals::Get Animal::Animal return successfully","id":"735e9a5f0596439634dfda052ca406fa","passes":10,"fails":0}]}],"checks":[]},{"name":"Create Animals","path":"::Create Animals","id":"b3d50ccc308153a406c35432385dde0f","groups":[{"id":"907fcf735b494f8b4ac3e6404041a9a8","groups":[],"checks":[{"id":"d662f65d09f9cf7f2e8f24547acf41d4","passes":10,"fails":0,"name":"Animal create successfully","path":"::Create Animals::Create Animal::Animal create successfully"}],"name":"Create Animal","path":"::Create Animals::Create Animal"}],"checks":[]},{"name":"Delete Animals","path":"::Delete Animals","id":"f4165019a838e96243c0bbfedb30d3a6","groups":[{"checks":[{"name":"Animal was deleted successfully","path":"::Delete Animals::Delete Animal::Animal was deleted successfully","id":"3022ee7332e7fae3f71bbadcf27a3da7","passes":10,"fails":0}],"name":"Delete Animal","path":"::Delete Animals::Delete Animal","id":"72c39ecc81d271849f737db28f77f9e4","groups":[]}],"checks":[]}],"checks":[],"name":"","path":""},"options":{"summaryTrendStats":["avg","min","med","max","p(90)","p(95)"],"summaryTimeUnit":"","noColor":false},"state":{"isStdOutTTY":true,"isStdErrTTY":true,"testRunDurationMs":10801.5455}}