{"metrics":{"NumberOfAnimalsDeleted":{"type":"counter","contains":"default","values":{"count":10,"rate":0.9183518361636815}},"http_req_sending":{"type":"trend","contains":"time","values":{"p(95)":0.2965249999999987,"avg":0.05282666666666667,"min":0,"med":0,"max":1.0365,"p(90)":0.005040000000000071}},"http_req_duration{expected_response:true}":{"contains":"time","values":{"avg":497.3845099999999,"min":489.579,"med":497.60839999999996,"max":505.3141,"p(90)":502.70105,"p(95)":502.967425},"type":"trend"},"group_duration":{"type":"trend","contains":"time","values":{"med":498.48605,"max":1350.5125,"p(90)":1259.71679,"p(95)":1271.9315,"avg":602.8786850000001,"min":489.579}},"http_req_failed":{"contains":"default","values":{"rate":0,"passes":0,"fails":30},"type":"rate"},"NumberOfAnimalsCreated":{"contains":"default","values":{"count":10,"rate":0.9183518361636815},"type":"counter"},"vus":{"type":"gauge","contains":"default","values":{"value":5,"min":1,"max":5}},"http_req_duration":{"type":"trend","contains":"time","values":{"med":497.60839999999996,"max":505.3141,"p(90)":502.70105,"p(95)":502.967425,"avg":497.3845099999999,"min":489.579},"thresholds":{"avg<500":{"ok":true},"p(95)<1500":{"ok":true}}},"http_req_blocked":{"type":"trend","contains":"time","values":{"avg":105.02183,"min":0,"med":0,"max":843.7172,"p(90)":757.20316,"p(95)":775.874155}},"http_req_receiving":{"type":"trend","contains":"time","values":{"avg":0.3170733333333333,"min":0,"med":0,"max":4.36,"p(90)":0.9219700000000001,"p(95)":0.9750249999999999}},"iteration_duration":{"type":"trend","contains":"time","values":{"p(95)":3319.453,"avg":2560.544109090909,"min":0,"med":2507.3393,"max":3357.9716,"p(90)":3280.9344}},"http_reqs":{"type":"counter","contains":"default","values":{"count":30,"rate":2.7550555084910444}},"data_received":{"contains":"data","values":{"count":55634,"rate":5109.158605313026},"type":"counter"},"iterations":{"type":"counter","contains":"default","values":{"count":10,"rate":0.9183518361636815}},"http_req_duration{my_tag:Create}":{"values":{"p(95)":502.01343,"avg":496.24644,"min":489.579,"med":496.9133,"max":502.4943,"p(90)":501.53256},"thresholds":{"avg<600":{"ok":true},"p(90)<700":{"ok":true}},"type":"trend","contains":"time"},"http_req_duration{my_tag:Get}":{"type":"trend","contains":"time","values":{"min":491.0785,"med":497.08105,"max":505.3141,"p(90)":503.00730999999996,"p(95)":504.160705,"avg":497.66672},"thresholds":{"avg<600":{"ok":true},"p(90)<700":{"ok":true}}},"checks":{"type":"rate","contains":"default","values":{"rate":1,"passes":30,"fails":0}},"http_req_connecting":{"values":{"med":0,"max":261.3764,"p(90)":252.0643,"p(95)":257.38091000000003,"avg":34.25356,"min":0},"type":"trend","contains":"time"},"data_sent":{"type":"counter","contains":"data","values":{"count":8425,"rate":773.7114219679016}},"vus_max":{"type":"gauge","contains":"default","values":{"value":5,"min":5,"max":5}},"http_req_tls_handshaking":{"type":"trend","contains":"time","values":{"max":532.7919,"p(90)":505.11455,"p(95)":518.45436,"avg":69.10802,"min":0,"med":0}},"http_req_waiting":{"contains":"time","values":{"avg":497.01460999999995,"min":489.579,"med":496.95484999999996,"max":502.6955,"p(90)":501.89913,"p(95)":502.578065},"type":"trend"}},"root_group":{"name":"","path":"","id":"d41d8cd98f00b204e9800998ecf8427e","groups":[{"name":"setup","path":"::setup","id":"5c0f8025f7e0b6654089e5b00e950f1a","groups":[],"checks":[]},{"id":"3a5ef55d1898cb5fb105d422c8b24b07","groups":[{"name":"Get Animal","path":"::Get Animals::Get Animal","id":"b61b7690cd284016b69cd1a47475a66f","groups":[],"checks":[{"name":"Animal return successfully","path":"::Get Animals::Get Animal::Animal return successfully","id":"735e9a5f0596439634dfda052ca406fa","passes":10,"fails":0}]}],"checks":[],"name":"Get Animals","path":"::Get Animals"},{"checks":[],"name":"Create Animals","path":"::Create Animals","id":"b3d50ccc308153a406c35432385dde0f","groups":[{"id":"907fcf735b494f8b4ac3e6404041a9a8","groups":[],"checks":[{"passes":10,"fails":0,"name":"Animal create successfully","path":"::Create Animals::Create Animal::Animal create successfully","id":"d662f65d09f9cf7f2e8f24547acf41d4"}],"name":"Create Animal","path":"::Create Animals::Create Animal"}]},{"name":"Delete Animals","path":"::Delete Animals","id":"f4165019a838e96243c0bbfedb30d3a6","groups":[{"checks":[{"path":"::Delete Animals::Delete Animal::Animal was deleted successfully","id":"3022ee7332e7fae3f71bbadcf27a3da7","passes":10,"fails":0,"name":"Animal was deleted successfully"}],"name":"Delete Animal","path":"::Delete Animals::Delete Animal","id":"72c39ecc81d271849f737db28f77f9e4","groups":[]}],"checks":[]}],"checks":[]},"options":{"summaryTrendStats":["avg","min","med","max","p(90)","p(95)"],"summaryTimeUnit":"","noColor":false},"state":{"isStdOutTTY":true,"isStdErrTTY":true,"testRunDurationMs":10889.0728}}